"avg_plays_per_game","min_plays","max_plays","sd_plays","team"
84.6153846153846,65,100,9.47398597510099,"Miami"
76.6923076923077,64,90,8.08686811426005,"Ohio State"
