"period","games","avg_rush_plays_faced","avg_rush_epa_allowed","avg_rush_success_allowed","avg_ypc_allowed","avg_stuff_rate","avg_tfl_rate","avg_explosive_allowed","team"
1,13,6.69230769230769,-0.0404457246602101,0.268047337278107,3.3387902695595,0.264464168310322,0.155062458908613,0.07465483234714,"Miami"
2,13,7.23076923076923,-0.184345510505219,0.300079005961359,3.64910579616462,0.246053293112117,0.124685771744595,0.106309703368527,"Miami"
3,13,6.15384615384615,0.0278569836452227,0.371696252465483,4.74586503240349,0.234763313609467,0.138827838827839,0.132347140039448,"Miami"
4,13,6.07692307692308,0.0949706159997197,0.367782217782218,3.75494505494505,0.223326673326673,0.179095904095904,0.102272727272727,"Miami"
1,13,6.53846153846154,-0.246287496695122,0.267460317460317,4.06825396825397,0.267460317460317,0.0932234432234432,0.111294261294261,"Ohio State"
2,13,7.61538461538461,-0.226241258035952,0.301343101343101,3.14264346764347,0.240811965811966,0.0932539682539682,0.0654761904761905,"Ohio State"
3,13,4.84615384615385,-0.333957611893061,0.273076923076923,3.13205128205128,0.228205128205128,0.105128205128205,0.0948717948717949,"Ohio State"
4,12,8.5,0.0252255131628783,0.400342712842713,4.16290885040885,0.145640933140933,0.0568151755651756,0.0778138528138528,"Ohio State"
